{"eval/loss": 0.13636542856693268, "eval/precision": 0.0, "eval/recall": 0.0, "eval/f1": 0.0, "eval/accuracy": 0.9695446703173055, "eval/runtime": 1.3283, "eval/samples_per_second": 20.327, "eval/steps_per_second": 3.011, "train/epoch": 2.0, "train/global_step": 30, "_timestamp": 1711279789.7290287, "_runtime": 2158.001374721527, "_step": 2, "train/train_runtime": 22.3802, "train/train_samples_per_second": 10.098, "train/train_steps_per_second": 1.34, "train/total_flos": 29432672964240.0, "train/train_loss": 0.16004101435343424}