{"eval/loss": 0.7001774907112122, "eval/precision": 0.024442924331958774, "eval/recall": 0.035219971679380006, "eval/f1": 0.02705799645915264, "eval/accuracy": 0.024442924331958774, "eval/runtime": 0.7567, "eval/samples_per_second": 35.679, "eval/steps_per_second": 2.643, "train/epoch": 10.0, "train/global_step": 80, "_timestamp": 1711448590.7902582, "_runtime": 1812.7911031246185, "_step": 51, "train/train_runtime": 76.9863, "train/train_samples_per_second": 14.678, "train/train_steps_per_second": 1.039, "train/total_flos": 147472390024596.0, "train/train_loss": 0.6855037689208985}