{"eval/loss": 0.13726627826690674, "eval/precision": 0.0, "eval/recall": 0.0, "eval/f1": 0.0, "eval/runtime": 0.7532, "eval/samples_per_second": 35.846, "eval/steps_per_second": 2.655, "train/epoch": 10.0, "train/global_step": 80, "_timestamp": 1711291729.4517558, "_runtime": 4786.842425823212, "_step": 16, "train/train_runtime": 77.3332, "train/train_samples_per_second": 14.612, "train/train_steps_per_second": 1.034, "train/total_flos": 147472390024596.0, "train/train_loss": 0.14095468521118165, "eval/accuracy": 0.0}