{"eval/loss": 2.424877882003784, "eval/precision": 0.08601314011685365, "eval/recall": 0.08830940918359308, "eval/f1": 0.07915887873393755, "eval/accuracy": 0.10126772185132399, "eval/runtime": 1.8587, "eval/samples_per_second": 14.526, "eval/steps_per_second": 3.766, "train/epoch": 10.0, "train/global_step": 290, "_timestamp": 1712695325.569511, "_runtime": 173.28068685531616, "_step": 10, "train/train_runtime": 173.3106, "train/train_samples_per_second": 6.52, "train/train_steps_per_second": 1.673, "train/total_flos": 147071696682414.0, "train/train_loss": 2.3037612388873923}