{"eval/loss": 0.13785548508167267, "eval/precision": 0.0, "eval/recall": 0.0, "eval/f1": 0.0, "eval/accuracy": 0.9695446703173055, "eval/runtime": 0.7468, "eval/samples_per_second": 36.155, "eval/steps_per_second": 2.678, "train/epoch": 2.0, "train/global_step": 16, "_timestamp": 1711286476.5561929, "_runtime": 257.80185079574585, "_step": 5, "train/train_runtime": 15.5738, "train/train_samples_per_second": 14.512, "train/train_steps_per_second": 1.027, "train/total_flos": 29477584967376.0, "train/train_loss": 0.21017858386039734}