{"eval/loss": 0.13655267655849457, "eval/precision": 0.0, "eval/recall": 0.0, "eval/f1": 0.0, "eval/accuracy": 0.9695446703173055, "eval/runtime": 0.9634, "eval/samples_per_second": 28.026, "eval/steps_per_second": 2.076, "train/epoch": 6.0, "train/global_step": 48, "_timestamp": 1711285540.8720803, "_runtime": 92.1881194114685, "_step": 10, "train/train_runtime": 47.7452, "train/train_samples_per_second": 14.2, "train/train_steps_per_second": 1.005, "train/total_flos": 88465162995300.0, "train/train_loss": 0.14758474628130594}