{"eval/loss": 0.6557554602622986, "eval/precision": 1.0, "eval/recall": 1.0, "eval/f1": 1.0, "eval/accuracy": 1.0, "eval/runtime": 0.7651, "eval/samples_per_second": 35.29, "eval/steps_per_second": 2.614, "train/epoch": 10.0, "train/global_step": 80, "_timestamp": 1711459370.4338384, "_runtime": 10285.391337394714, "_step": 55, "train/train_runtime": 77.3933, "train/train_samples_per_second": 14.601, "train/train_steps_per_second": 1.034, "train/total_flos": 147472390024596.0, "train/train_loss": 0.6603184700012207}