{"eval/loss": 2.408703088760376, "eval/precision": 0.08544192981410213, "eval/recall": 0.0878375852348042, "eval/f1": 0.0772937343545989, "eval/accuracy": 0.1018678268697022, "eval/runtime": 3.1261, "eval/samples_per_second": 8.637, "eval/steps_per_second": 2.239, "train/epoch": 10.0, "train/global_step": 290, "_timestamp": 1713313342.920688, "_runtime": 298.949147939682, "_step": 10, "train/train_runtime": 300.0653, "train/train_samples_per_second": 3.766, "train/train_steps_per_second": 0.966, "train/total_flos": 294108835832238.0, "train/train_loss": 2.321550250875539}