{"eval/loss": 0.13726431131362915, "eval/precision": 0.0, "eval/recall": 0.0, "eval/f1": 0.0, "eval/accuracy": 0.9695446703173055, "eval/runtime": 0.9481, "eval/samples_per_second": 28.478, "eval/steps_per_second": 2.11, "train/epoch": 4.0, "train/global_step": 32, "_timestamp": 1711285361.4149199, "_runtime": 5516.787284851074, "_step": 58, "train/train_runtime": 66.0285, "train/train_samples_per_second": 10.268, "train/train_steps_per_second": 1.363, "train/total_flos": 88334509895268.0, "train/train_loss": 0.1393313937717014}