{"eval/loss": 2.4195568561553955, "eval/precision": 0.09170066673322808, "eval/recall": 0.09405798653780865, "eval/f1": 0.08444664883818215, "eval/accuracy": 0.1083939689445653, "eval/runtime": 3.1357, "eval/samples_per_second": 8.61, "eval/steps_per_second": 2.232, "train/epoch": 10.0, "train/global_step": 290, "_timestamp": 1714342231.028787, "_runtime": 2952.3224329948425, "_step": 73, "train_runtime": 298.993, "train_samples_per_second": 3.779, "train_steps_per_second": 0.97, "total_flos": 293943980910696.0, "train_loss": 2.3049590012122847}