{"eval/loss": 2.3685555458068848, "eval/precision": 0.07545770162903515, "eval/recall": 0.09190811454166861, "eval/f1": 0.05430524621228525, "eval/accuracy": 0.10596909561534237, "eval/runtime": 3.478, "eval/samples_per_second": 7.476, "eval/steps_per_second": 2.013, "train/epoch": 2.0, "train/global_step": 54, "_timestamp": 1714056483.6333067, "_runtime": 173.33199882507324, "_step": 3}