{"eval/loss": 2.4195291996002197, "eval/precision": 0.09026367063858953, "eval/recall": 0.0937465408570542, "eval/f1": 0.08287860918972106, "eval/accuracy": 0.1074187982897007, "eval/runtime": 1.8489, "eval/samples_per_second": 14.603, "eval/steps_per_second": 3.786, "train/epoch": 10.0, "train/global_step": 290, "_timestamp": 1712096228.1148815, "_runtime": 11291.84006357193, "_step": 102, "train/train_runtime": 170.9585, "train/train_samples_per_second": 6.61, "train/train_steps_per_second": 1.696, "train/total_flos": 147071696682414.0, "train/train_loss": 2.308880825700431}