{"eval/loss": 0.1464289128780365, "eval/precision": 0.48477233515865276, "eval/recall": 0.5, "eval/f1": 0.4922684338817794, "eval/accuracy": 0.9695446703173055, "eval/runtime": 3.1237, "eval/samples_per_second": 8.644, "eval/steps_per_second": 2.241, "train/epoch": 10.0, "train/global_step": 290, "_timestamp": 1714319756.6315637, "_runtime": 13919.881368637085, "_step": 75, "train_runtime": 299.4465, "train_samples_per_second": 3.774, "train_steps_per_second": 0.968, "total_flos": 293920065090672.0, "train_loss": 0.1192804139235924}