model,file,precision,recall,F1_score
ersatz,"opinion-G16-(Return Mail, Inc. v. Postal Service,.txt",0.9152542372881356,0.7570093457943925,0.8286445012787723
ersatz,Press Enterprise v Sup. Court_retagged_MCL.txt,0.8928571428571429,0.8130081300813008,0.8510638297872342
ersatz,"opinion-G16-(Rogers v. Quan, 357 U.S. 193).html.txt",0.9310344827586207,0.8709677419354839,0.9
