model,file,precision,recall,F1_score
spacy,"opinion-G16-(Return Mail, Inc. v. Postal Service,.txt",0.7990196078431373,0.7616822429906542,0.7799043062200957
spacy,Press Enterprise v Sup. Court_retagged_MCL.txt,0.8032786885245902,0.7967479674796748,0.8
spacy,"opinion-G16-(Rogers v. Quan, 357 U.S. 193).html.txt",0.7105263157894737,0.8709677419354839,0.782608695652174
