model,file,precision,recall,F1_score
nltk,"opinion-G16-(Return Mail, Inc. v. Postal Service,.txt",0.8181818181818182,0.7570093457943925,0.7864077669902914
nltk,Press Enterprise v Sup. Court_retagged_MCL.txt,0.7481481481481481,0.8211382113821138,0.7829457364341086
nltk,"opinion-G16-(Rogers v. Quan, 357 U.S. 193).html.txt",0.675,0.8709677419354839,0.7605633802816901
