model,file,precision,recall,F1_score
naive,"opinion-G16-(Return Mail, Inc. v. Postal Service,.txt",0.4565826330532213,0.7616822429906542,0.5709281961471103
naive,Press Enterprise v Sup. Court_retagged_MCL.txt,0.05232558139534884,0.07317073170731707,0.061016949152542375
naive,"opinion-G16-(Rogers v. Quan, 357 U.S. 193).html.txt",0.0967741935483871,0.1935483870967742,0.12903225806451613
